"Longitude","Latitude","species"
-118.104728,34.258087,1
-117.673228,48.46645,1
-117.195687,46.728222,1
-121.879582,42.641593,1
-104.887119,38.624731,1
-120.332478,39.578444,1
-119.978286,34.738342,1
-105.331568,35.309296,1
-122.817289,43.960894,1
-111.332787,34.24644,1
-117.153741,46.095728,1
-118.171794,48.200586,1
-120.765472,50.123578,1
-113.162149,37.507242,1
-114.099094,47.032965,1
-117.302706,48.348383,1
-117.272113,44.858685,1
-119.886664,37.655061,1
-111.523262,35.363728,1
-104.844808,31.91582,1
-117.278336,45.670944,1
-109.493775,37.991017,1
-112.924839,37.291783,1
-116.62979,46.236947,1
-116.660337,46.51495,1
-116.262935,46.508165,1
-111.361572,37.853233,1
-108.648238,33.535338,1
-108.036789,33.465703,1
-117.551893,44.263963,1
-121.032972,39.263612,1
-105.726703,34.188255,1
-103.86702,44.497345,1
-121.827238,43.483437,1
-122.605932,41.600505,1
-118.500305,37.412113,1
-117.568886,48.131622,1
-121.340709,50.639522,1
-118.517255,45.191353,1
-118.951413,44.986768,1
-121.545114,37.190829,1
-119.108075,44.695927,1
-115.476333,36.102067,1
-104.180904,43.922365,1
-108.583569,46.528839,1
-108.67799,48.039302,1
-117.701498,44.530375,1
-118.99286,43.798055,1
-119.548269,37.752408,1
-120.135947,49.3708,1
-108.432286,32.571333,1
-116.060708,50.603625,1
-108.212811,32.925834,1
-109.196189,38.611688,1
-121.032619,43.876955,1
-118.087045,45.383672,1
-108.515638,35.375214,1
-115.781617,43.547013,1
-116.735154,47.750272,1
-120.30777,47.672607,1
-122.590977,42.748627,1
-121.929232,45.64133,1
-116.8603,45.529778,1
-114.121018,48.36309,1
-107.200131,34.045197,1
-111.588368,41.84483,1
-123.036761,44.928134,1
-107.009858,36.071033,1
-121.631184,42.119685,1
-106.551923,35.223477,1
-121.097174,48.700549,1
-118.268785,44.410933,1
-120.482863,46.855308,1
-108.380769,33.377858,1
-118.671188,50.263724,1
-118.463268,45.553347,1
-111.440895,33.989297,1
-118.399491,47.695078,1
-121.967163,44.288066,1
-118.07351,44.748732,1
-103.910678,42.74335,1
-105.46557,39.428597,1
-103.562067,43.339342,1
-120.576308,49.369346,1
-104.956546,37.920686,1
-118.968537,45.283012,1
-106.142792,38.739716,1
-122.40391,43.503512,1
-93.613831,44.746931,1
-122.428489,42.282851,1
-112.393788,42.750803,1
-120.217781,47.264114,1
-121.049768,49.004003,1
-116.794761,49.337611,1
-115.65348,36.339783,1
-115.092067,47.691238,1
-119.089676,50.582539,1
-109.503407,34.054472,1
-116.238541,43.654763,1
-113.806269,36.783525,1
-109.103499,36.210524,1
-112.656928,37.093078,1
-110.303603,31.42908,1
-105.18408,40.966545,1
-116.045294,46.021096,1
-112.238678,37.473317,1
-120.582693,47.472812,1
-113.539445,36.176255,1
-106.276603,35.79087,1
-120.935516,46.964179,1
-110.792767,39.050358,1
-112.058096,36.213472,1
-121.53402,43.771038,1
-122.534286,45.139086,1
-119.577033,49.605725,1
-100.325714,41.861786,1
-118.961818,44.083435,1
-123.039592,43.245673,1
-121.125735,46.505047,1
-122.956619,40.298342,1
-120.082319,44.894894,1
-111.945587,37.743942,1
-105.478658,40.77947,1
-112.054078,46.589103,1
-117.570878,46.312725,1
-105.891972,35.688263,1
-119.903597,47.821809,1
-123.084617,45.275095,1
-113.515471,47.188101,1
-122.512961,43.084212,1
-111.253731,34.548769,1
-106.368462,39.098422,1
-112.476333,38.25732,1
-122.7965,45.519838,1
-105.67528,35.414231,1
-107.251527,39.56565,1
-105.270447,36.593283,1
-121.637821,44.434064,1
-105.5056,38.455405,1
-113.6832,46.907888,1
-115.858117,50.181745,1
-113.879549,37.154798,1
-105.747125,32.949713,1
-123.021942,40.96918,1
-121.330137,46.95474,1
-118.635123,36.188234,1
-106.428467,34.575528,1
-120.601459,38.408567,1
-115.309028,44.146481,1
-111.758401,34.969457,1
-109.275873,46.817718,1
-105.285663,39.708522,1
-105.673733,39.74734,1
-106.024667,39.647387,1
-106.66252,39.688797,1
-119.726157,48.497939,1
-122.945506,42.468511,1
-103.297797,44.057497,1
-118.055891,48.614021,1
-120.250686,41.17608,1
-110.901493,39.763657,1
-116.438141,48.060927,1
-110.752167,32.433522,1
-118.673615,36.789821,1
-117.258057,48.847778,1
-111.753842,40.623667,1
-115.786683,49.499437,1
-114.725499,45.114063,1
-121.359814,42.680019,1
-121.382378,44.070461,1
-114.180258,39.252858,1
-103.01935,36.839719,1
-115.201036,48.594773,1
-112.159479,34.701468,1
-109.855042,37.633683,1
-120.451261,44.05405,1
-120.637603,49.737928,1
-105.557953,36.809487,1
-103.363953,43.596488,1
-106.555919,32.337319,1
-105.56192,40.36648,1
-115.312195,43.45203,1
-108.829222,33.183733,1
-112.672303,46.954522,1
-117.578062,45.123688,1
-115.765933,48.45481,1
-107.006447,38.8917,1
-104.179567,30.645608,1
-112.564134,37.392291,1
-111.174737,40.629922,1
-121.992317,43.764478,1
-121.633531,36.301156,1
-109.687036,40.562281,1
-112.212439,36.730829,1
-118.515984,48.600952,1
-114.129539,46.758122,1
-119.995232,48.244778,1
-119.374778,37.044045,1
-115.235205,49.24773,1
-120.1706,42.380733,1
-105.418587,39.029845,1
-121.389022,43.467614,1
-118.096083,45.09962,1
-117.61376,45.48954,1
-106.98793,44.756032,1
-118.88137,37.123272,1
-120.893844,38.801931,1
-108.80919,42.748633,1
-117.057953,46.368288,1
-116.323099,47.556578,1
-122.919522,42.171989,1
-122.427422,45.597183,1
-108.875373,46.86727,1
-119.251167,48.519789,1
-107.060364,34.441375,1
-109.297119,47.112295,1
-121.204942,38.970653,1
-104.408575,42.89197,1
-121.221827,38.69719,1
-109.649793,47.29096,1
-122.596755,38.655528,1
-113.904983,35.114617,1
-123.023505,38.669992,1
-104.987673,39.934659,1
-106.228246,36.175028,1
-107.403618,33.622401,1
-117.532101,47.412625,1
-118.807526,45.67782,1
-105.253063,35.893879,1
-122.222375,37.760975,1
-120.220222,48.571955,1
-115.601945,30.979837,1
-112.112542,40.471486,1
-121.07533,45.81205,1
-104.867331,39.661945,1
-114.167269,46.09168,1
-120.702867,47.206872,1
-105.406578,40.005458,1
-105.262567,41.235955,1
-120.496192,46.547837,1
-119.077502,47.867646,1
-118.266905,46.06752,1
-122.361654,43.887897,1
-105.178553,40.525908,1
-119.424422,49.878567,1
-123.516243,42.840769,1
-115.739717,49.789692,1
-122.49144,47.029532,1
-118.758562,46.0532,1
-120.964608,40.026597,1
-123.16735,42.972285,1
-103.677223,41.710873,1
-112.129547,35.90825,1
-122.717819,44.705383,1
-115.635151,43.958186,1
-111.857386,35.249452,1
-116.807444,44.648756,1
-116.825958,45.04026,1
-112.327133,37.746064,1
-118.679425,44.460598,1
-116.115324,44.135207,1
-116.300502,45.513409,1
-121.647863,39.921675,1
-120.792009,47.766329,1
-116.872815,47.040647,1
-123.350328,39.264305,1
-111.439727,38.649275,1
-107.51532,33.88382,1
-107.881452,37.307026,1
-111.50956,39.339276,1
-114.46804,48.116699,1
-116.381803,48.333633,1
-114.035333,47.873604,1
-108.52139,45.794509,1
-119.73838,50.815813,1
-113.594559,38.79298,1
-107.2354,35.573109,1
-123.644133,39.918831,1
-121.520959,45.728879,1
-108.463475,46.255419,1
-98.592625,42.019063,1
-122.010597,50.294622,1
-107.910151,34.905006,1
-113.39758,37.26159,1
-119.798958,39.589267,1
-116.871376,49.687781,1
-110.935387,34.262992,1
-124.042555,42.531945,1
-118.683994,48.078354,1
-118.355573,49.012866,1
-123.376015,44.058462,1
-109.657783,48.330397,1
-114.885648,46.475044,1
-122.120651,52.120257,1
-105.689453,33.320545,1
-123.37466,44.572147,1
-121.624145,46.112336,1
-113.345256,46.703998,1
-114.506172,47.015964,1
-108.353783,35.041217,1
-104.0754,41.173742,1
-105.678925,33.765587,1
-120.638803,48.292022,1
-119.444389,50.178697,1
-120.666992,45.951862,1
-114.534255,46.738092,1
-122.522143,40.612785,1
-105.336754,38.721191,1
-119.525365,49.295998,1
-114.200729,37.46839,1
-121.644744,41.478344,1
-119.689842,49.007881,1
-101.973666,43.544498,1
-104.385575,36.955169,1
-103.975356,36.777769,1
-120.88028,50.767442,1
-122.180061,51.453571,1
-111.115178,39.413346,1
-107.091014,37.250744,1
-120.413545,50.834318,1
-117.298671,47.033541,1
-123.427381,45.030882,1
-118.59977,42.53122,1
-120.139617,50.593083,1
-121.873792,50.599915,1
-105.43248,35.656228,1
-122.178826,50.873396,1
-104.777283,37.424719,1
-112.457558,34.49818,1
-117.221772,47.635768,1
-102.187597,40.829406,1
-120.815147,42.466628,1
-122.182145,41.517137,1
-109.556919,40.889653,1
-117.843582,45.722108,1
-121.525825,49.982045,1
-123.63904,41.02494,1
-123.281525,40.693353,1
-108.756197,40.823969,1
-120.299622,38.272178,1
-106.950357,38.544699,1
-106.335517,35.011428,1
-113.990295,45.523022,1
-103.563303,43.847319,1
-108.091034,32.673733,1
-106.710399,35.91396,1
-122.765801,39.148147,1
-109.956383,32.709258,1
-104.730509,38.876552,1
-122.042739,37.028575,1
-105.104844,39.27343,1
-104.764908,39.352081,1
-114.916968,38.517668,1
-122.998147,44.295987,1
-122.962692,39.463558,1
-120.368605,43.360511,1
-121.135555,44.373678,1
-108.489153,33.0802,1
-111.694299,37.933179,1
-107.813681,34.344062,1
-110.7909,34.589722,1
-117.660701,47.737496,1
-121.263367,43.111297,1
-116.354558,48.895179,1
-110.095078,34.255938,1
-109.178757,39.522745,1
-108.982011,34.026542,1
-109.098547,36.51438,1
-121.732872,50.875965,1
-119.047081,49.045403,1
-118.251047,45.789412,1
-116.046814,44.818567,1
-104.807904,44.859087,1
-110.760938,38.073388,1
-122.084082,42.979418,1
-117.5307,49.406345,1
-120.450278,44.471221,1
-112.203737,35.195137,1
-122.560415,41.875778,1
-122.328188,41.116003,1
-123.171188,45.608036,1
-104.959587,36.451787,1
-112.876328,47.472092,1
-121.447194,45.418374,1
-121.479315,45.110107,1
-104.71383,44.588139,1
-106.827178,44.331998,1
-118.459675,44.8108,1
-120.42725,48.040708,1
-123.141343,46.550673,1
-121.389434,50.348,1
-121.30638,51.079731,1
-121.78533,43.176708,1
-110.848006,37.016385,1
-104.683617,47.066136,1
-115.117697,48.923255,1
-117.213272,45.26743,1
-112.558205,46.017956,1
-117.164464,47.93001,1
-115.937546,45.170996,1
-109.704241,45.230694,1
-105.510031,38.039565,1
-112.338495,34.196522,1
-122.923033,41.33958,1
-119.547097,37.309947,1
-120.666175,39.308962,1
-121.132046,47.217018,1
-107.660217,46.089181,1
-105.125061,36.897983,1
-120.165534,39.169105,1
-122.012428,41.243417,1
-114.270797,46.355392,1
-103.66,44.198,1
-106.580558,36.896972,1
-123.365685,42.517185,1
-111.379188,38.18992,1
-104.422157,45.88036,1
-119.816017,38.167831,1
-117.904506,49.033643,1
-116.07777,44.407314,1
-115.027195,47.233508,1
-120.326525,41.712294,1
-120.880119,41.292175,1
-109.05008,38.305248,1
-119.707917,44.600838,1
-116.683753,33.770058,1
-110.29487,46.886302,1
-108.466912,37.717757,1
-117.513583,45.926302,1
-119.2661,44.321587,1
-102.999306,42.690932,1
-106.146826,45.569283,1
-117.286986,34.264778,1
